[
  {
    "name": "Dominican Republic",
    "id": 1,
    "info": {
      "name": "Dominican Republic",
      "offer1": 16.99,
      "offer2": 11.99,
      "offer3": 8.99
    }
  },
  {
    "name": "Costa Rica",
    "id": 2,
    "info": {
      "name": "Costa Rica",
      "offer1": 16.99,
      "offer2": 11.99,
      "offer3": 8.99
    }
  },
  {
    "name": "Mexico",
    "id": 3,
    "info": {
      "name": "Mexico",
      "offer1": 12.99,
      "offer2": 9.99,
      "offer3": 7.99
    }
  },
  {
    "name": "Argentina",
    "id": 4,
    "info": {
      "name": "Argentina",
      "offer1": 16.99,
      "offer2": 11.99,
      "offer3": 8.99
    }
  },
  {
    "name": "Brazil",
    "id": 5,
    "info": {
      "name": "Brazil",
      "offer1": 14.99,
      "offer2": 11.99,
      "offer3": 8.99
    }
  },
  {
    "name": "Chile",
    "id": 6,
    "info": {
      "name": "Chile",
      "offer1": 14.99,
      "offer2": 11.99,
      "offer3": 8.99
    }
  },
  {
    "name": "Colombia",
    "id": 7,
    "info": {
      "name": "Colombia",
      "offer1": 14.99,
      "offer2": 11.99,
      "offer3": 8.99
    }
  },
  {
    "name": "Ecuador",
    "id": 8,
    "info": {
      "name": "Ecuador",
      "offer1": 14.99,
      "offer2": 11.99,
      "offer3": 8.99
    }
  },
  {
    "name": "Paraguay",
    "id": 9,
    "info": {
      "name": "Paraguay",
      "offer1": 15.99,
      "offer2": 11.99,
      "offer3": 8.99
    }
  },
  {
    "name": "Peru",
    "id": 10,
    "info": {
      "name": "Peru",
      "offer1": 14.99,
      "offer2": 11.99,
      "offer3": 8.99
    }
  },
  {
    "name": "Uruguay",
    "id": 11,
    "info": {
      "name": "Uruguay",
      "offer1": 14.99,
      "offer2": 11.99,
      "offer3": 8.99
    }
  },
  {
    "name": "El Salvador",
    "id": 12,
    "info": {
      "name": "El Salvador",
      "offer1": 15.99,
      "offer2": 12.99,
      "offer3": 8.99
    }
  },
  {
    "name": "Guatemala",
    "id": 13,
    "info": {
      "name": "Guatemala",
      "offer1": 15.99,
      "offer2": 11.99,
      "offer3": 8.99
    }
  },
  {
    "name": "Honduras",
    "id": 14,
    "info": {
      "name": "Honduras",
      "offer1": 15.99,
      "offer2": 12.99,
      "offer3": 8.99
    }
  },
  {
    "name": "Nicaragua",
    "id": 15,
    "info": {
      "name": "Nicaragua",
      "offer1": 15.99,
      "offer2": 11.99,
      "offer3": 8.99
    }
  },
  {
    "name": "Panama",
    "id": 16,
    "info": {
      "name": "Panama",
      "offer1": 15.99,
      "offer2": 12.99,
      "offer3": 8.99
    }
  },
  {
    "name": "Bolivia",
    "id": 17,
    "info": {
      "name": "Bolivia",
      "offer1": 15.99,
      "offer2": 12.99,
      "offer3": 8.99
    }
  },
  {
    "name": "Cambodia",
    "id": 18,
    "info": {
      "name": "Cambodia",
      "offer1": 21.99,
      "offer2": 15.99,
      "offer3": 9.99
    }
  },
  {
    "name": "Austria",
    "id": 19,
    "info": {
      "name": "Austria",
      "offer1": 9.99,
      "offer2": 8.99,
      "offer3": 7.99
    }
  },
  {
    "name": "Italy",
    "id": 20,
    "info": {
      "name": "Italy",
      "offer1": 9.99,
      "offer2": 8.99,
      "offer3": 7.99
    }
  },
  {
    "name": "Belgium",
    "id": 21,
    "info": {
      "name": "Belgium",
      "offer1": 9.99,
      "offer2": 8.99,
      "offer3": 7.99
    }
  },
  {
    "name": "Latvia",
    "id": 22,
    "info": {
      "name": "Latvia",
      "offer1": 9.99,
      "offer2": 8.99,
      "offer3": 7.99
    }
  },
  {
    "name": "Bulgaria",
    "id": 23,
    "info": {
      "name": "Bulgaria",
      "offer1": 14.99,
      "offer2": 11.99,
      "offer3": 8.99
    }
  },
  {
    "name": "Lithuania",
    "id": 24,
    "info": {
      "name": "Lithuania",
      "offer1": 9.99,
      "offer2": 8.99,
      "offer3": 7.99
    }
  },
  {
    "name": "Croatia",
    "id": 25,
    "info": {
      "name": "Croatia",
      "offer1": 9.99,
      "offer2": 8.99,
      "offer3": 7.99
    }
  },
  {
    "name": "Luxembourg",
    "id": 26,
    "info": {
      "name": "Luxembourg",
      "offer1": 9.99,
      "offer2": 8.99,
      "offer3": 7.99
    }
  },
  {
    "name": "Cyprus",
    "id": 27,
    "info": {
      "name": "Cyprus",
      "offer1": 14.99,
      "offer2": 11.99,
      "offer3": 8.99
    }
  },
  {
    "name": "Andorra",
    "id": 28,
    "info": {
      "name": "Andorra",
      "offer1": 9.99,
      "offer2": 8.99,
      "offer3": 7.99
    }
  },
  {
    "name": "Iceland",
    "id": 29,
    "info": {
      "name": "Iceland",
      "offer1": 14.99,
      "offer2": 11.99,
      "offer3": 8.99
    }
  },
  {
    "name": "Liechtenstein",
    "id": 30,
    "info": {
      "name": "Liechtenstein",
      "offer1": 9.99,
      "offer2": 8.99,
      "offer3": 7.99
    }
  },
  {
    "name": "Norway",
    "id": 31,
    "info": {
      "name": "Norway",
      "offer1": 11.99,
      "offer2": 9.99,
      "offer3": 8.99
    }
  },
  {
    "name": "Switzerland",
    "id": 32,
    "info": {
      "name": "Switzerland",
      "offer1": 10.99,
      "offer2": 8.99,
      "offer3": 6.99
    }
  },
  {
    "name": "United Kingdom",
    "id": 33,
    "info": {
      "name": "United Kingdom",
      "offer1": 9.99,
      "offer2": 8.99,
      "offer3": 6.99
    }
  },
  {
    "name": "Vatican City",
    "id": 34,
    "info": {
      "name": "Vatican City",
      "offer1": 10.99,
      "offer2": 9.99,
      "offer3": 8.99
    }
  },
  {
    "name": "Malta",
    "id": 35,
    "info": {
      "name": "Malta",
      "offer1": 14.99,
      "offer2": 11.99,
      "offer3": 8.99
    }
  },
  {
    "name": "Czech Republic",
    "id": 36,
    "info": {
      "name": "Czech Republic",
      "offer1": 14.99,
      "offer2": 11.99,
      "offer3": 8.99
    }
  },
  {
    "name": "Netherlands",
    "id": 37,
    "info": {
      "name": "Netherlands",
      "offer1": 8.99,
      "offer2": 7.99,
      "offer3": 6.99
    }
  },
  {
    "name": "Denmark",
    "id": 38,
    "info": {
      "name": "Denmark",
      "offer1": 9.99,
      "offer2": 8.99,
      "offer3": 7.99
    }
  },
  {
    "name": "Poland",
    "id": 39,
    "info": {
      "name": "Poland",
      "offer1": 9.99,
      "offer2": 8.99,
      "offer3": 7.99
    }
  },
  {
    "name": "Estonia",
    "id": 40,
    "info": {
      "name": "Estonia",
      "offer1": 14.99,
      "offer2": 11.99,
      "offer3": 8.99
    }
  },
  {
    "name": "Portugal",
    "id": 41,
    "info": {
      "name": "Portugal",
      "offer1": 10.99,
      "offer2": 8.99,
      "offer3": 7.99
    }
  },
  {
    "name": "Finland",
    "id": 42,
    "info": {
      "name": "Finland",
      "offer1": 11.99,
      "offer2": 8.99,
      "offer3": 7.99
    }
  },
  {
    "name": "Romania",
    "id": 43,
    "info": {
      "name": "Romania",
      "offer1": 14.99,
      "offer2": 11.99,
      "offer3": 8.99
    }
  },
  {
    "name": "France",
    "id": 44,
    "info": {
      "name": "France",
      "offer1": 9.99,
      "offer2": 8.99,
      "offer3": 7.99
    }
  },
  {
    "name": "Slovakia",
    "id": 45,
    "info": {
      "name": "Slovakia",
      "offer1": 14.99,
      "offer2": 11.99,
      "offer3": 8.99
    }
  },
  {
    "name": "Germany",
    "id": 46,
    "info": {
      "name": "Germany",
      "offer1": 9.99,
      "offer2": 8.99,
      "offer3": 7.99
    }
  },
  {
    "name": "Slovenia",
    "id": 47,
    "info": {
      "name": "Slovenia",
      "offer1": 14.99,
      "offer2": 11.99,
      "offer3": 8.99
    }
  },
  {
    "name": "Greece",
    "id": 48,
    "info": {
      "name": "Greece",
      "offer1": 10.99,
      "offer2": 9.99,
      "offer3": 8.99
    }
  },
  {
    "name": "Spain",
    "id": 49,
    "info": {
      "name": "Spain",
      "offer1": 12.99,
      "offer2": 8.99,
      "offer3": 7.99
    }
  },
  {
    "name": "Hungary",
    "id": 50,
    "info": {
      "name": "Hungary",
      "offer1": 10.99,
      "offer2": 8.99,
      "offer3": 7.99
    }
  },
  {
    "name": "Sweden",
    "id": 51,
    "info": {
      "name": "Sweden",
      "offer1": 8.99,
      "offer2": 7.99,
      "offer3": 6.99
    }
  },
  {
    "name": "Ireland",
    "id": 52,
    "info": {
      "name": "Ireland",
      "offer1": 9.99,
      "offer2": 8.99,
      "offer3": 7.99
    }
  },
  {
    "name": "Ukraine",
    "id": 53,
    "info": {
      "name": "Ukraine",
      "offer1": 17.99,
      "offer2": 13.99,
      "offer3": 8.99
    }
  },
  {
    "name": "Russia",
    "id": 54,
    "info": {
      "name": "Russia",
      "offer1": 10.99,
      "offer2": 8.99,
      "offer3": 6.99
    }
  },
  {
    "name": "Moldova",
    "id": 55,
    "info": {
      "name": "Moldova",
      "offer1": 15.99,
      "offer2": 11.99,
      "offer3": 7.99
    }
  },
  {
    "name": "Armenia",
    "id": 56,
    "info": {
      "name": "Armenia",
      "offer1": 15.99,
      "offer2": 11.99,
      "offer3": 7.99
    }
  },
  {
    "name": "Azerbaijan",
    "id": 57,
    "info": {
      "name": "Azerbaijan",
      "offer1": 15.99,
      "offer2": 11.99,
      "offer3": 7.99
    }
  },
  {
    "name": "Belarus",
    "id": 58,
    "info": {
      "name": "Belarus",
      "offer1": 14.99,
      "offer2": 11.99,
      "offer3": 7.99
    }
  },
  {
    "name": "Georgia",
    "id": 59,
    "info": {
      "name": "Georgia",
      "offer1": 14.99,
      "offer2": 11.99,
      "offer3": 7.99
    }
  },
  {
    "name": "Uzbekistan",
    "id": 60,
    "info": {
      "name": "Uzbekistan",
      "offer1": 14.99,
      "offer2": 11.99,
      "offer3": 7.99
    }
  },
  {
    "name": "Kazakhstan",
    "id": 61,
    "info": {
      "name": "Kazakhstan",
      "offer1": 11.99,
      "offer2": 10.99,
      "offer3": 8.99
    }
  },
  {
    "name": "Bahrain",
    "id": 62,
    "info": {
      "name": "Bahrain",
      "offer1": 16.99,
      "offer2": 12.99,
      "offer3": 8.99
    }
  },
  {
    "name": "Israel",
    "id": 63,
    "info": {
      "name": "Israel",
      "offer1": 11.99,
      "offer2": 9.99,
      "offer3": 7.99
    }
  },
  {
    "name": "Jordan",
    "id": 64,
    "info": {
      "name": "Jordan",
      "offer1": 14.99,
      "offer2": 11.99,
      "offer3": 8.99
    }
  },
  {
    "name": "Kuwait",
    "id": 65,
    "info": {
      "name": "Kuwait",
      "offer1": 16.99,
      "offer2": 12.99,
      "offer3": 8.99
    }
  },
  {
    "name": "Oman",
    "id": 66,
    "info": {
      "name": "Oman",
      "offer1": 11.99,
      "offer2": 10.99,
      "offer3": 8.99
    }
  },
  {
    "name": "Qatar",
    "id": 67,
    "info": {
      "name": "Qatar",
      "offer1": 11.99,
      "offer2": 10.99,
      "offer3": 8.99
    }
  },
  {
    "name": "Saudi Arabia",
    "id": 68,
    "info": {
      "name": "Saudi Arabia",
      "offer1": 11.99,
      "offer2": 10.99,
      "offer3": 8.99
    }
  },
  {
    "name": "Turkey",
    "id": 69,
    "info": {
      "name": "Turkey",
      "offer1": 14.99,
      "offer2": 11.99,
      "offer3": 8.99
    }
  },
  {
    "name": "United Arab Emirates",
    "id": 70,
    "info": {
      "name": "United Arab Emirates",
      "offer1": 16.99,
      "offer2": 12.99,
      "offer3": 8.99
    }
  },
  {
    "name": "Yemen",
    "id": 71,
    "info": {
      "name": "Yemen",
      "offer1": 14.99,
      "offer2": 11.99,
      "offer3": 8.99
    }
  },
  {
    "name": "Brunei",
    "id": 72,
    "info": {
      "name": "Brunei",
      "offer1": 14.99,
      "offer2": 11.99,
      "offer3": 8.99
    }
  },
  {
    "name": "Burma (Myanmar)",
    "id": 73,
    "info": {
      "name": "Burma (Myanmar)",
      "offer1": 14.99,
      "offer2": 11.99,
      "offer3": 8.99
    }
  },
  {
    "name": "Timor-Leste",
    "id": 74,
    "info": {
      "name": "Timor-Leste",
      "offer1": 14.99,
      "offer2": 11.99,
      "offer3": 8.99
    }
  },
  {
    "name": "Indonesia",
    "id": 75,
    "info": {
      "name": "Indonesia",
      "offer1": 14.99,
      "offer2": 11.99,
      "offer3": 8.99
    }
  },
  {
    "name": "Laos",
    "id": 76,
    "info": {
      "name": "Laos",
      "offer1": 20.99,
      "offer2": 15.99,
      "offer3": 9.99
    }
  },
  {
    "name": "Malaysia",
    "id": 77,
    "info": {
      "name": "Malaysia",
      "offer1": 11.99,
      "offer2": 8.99,
      "offer3": 6.99
    }
  },
  {
    "name": "Philippines",
    "id": 78,
    "info": {
      "name": "Philippines",
      "offer1": 14.99,
      "offer2": 10.99,
      "offer3": 8.99
    }
  },
  {
    "name": "Singapore",
    "id": 79,
    "info": {
      "name": "Singapore",
      "offer1": 9.99,
      "offer2": 8.99,
      "offer3": 6.99
    }
  },
  {
    "name": "Thailand",
    "id": 80,
    "info": {
      "name": "Thailand",
      "offer1": 13.99,
      "offer2": 10.99,
      "offer3": 8.99
    }
  },
  {
    "name": "Vietnam",
    "id": 81,
    "info": {
      "name": "Vietnam",
      "offer1": 14.99,
      "offer2": 11.99,
      "offer3": 8.99
    }
  },
  {
    "name": "China",
    "id": 82,
    "info": {
      "name": "China",
      "offer1": 10.99,
      "offer2": 8.99,
      "offer3": 6.99
    }
  },
  {
    "name": "China, Hong Kong",
    "id": 83,
    "info": {
      "name": "China, Hong Kong",
      "offer1": 10.99,
      "offer2": 8.99,
      "offer3": 6.99
    }
  },
  {
    "name": "China, Macao",
    "id": 84,
    "info": {
      "name": "China, Macao",
      "offer1": 14.99,
      "offer2": 11.99,
      "offer3": 8.99
    }
  },
  {
    "name": "Japan",
    "id": 85,
    "info": {
      "name": "Japan",
      "offer1": 12.99,
      "offer2": 9.99,
      "offer3": 7.99
    }
  },
  {
    "name": "Korea (South)",
    "id": 86,
    "info": {
      "name": "Korea (South)",
      "offer1": 9.99,
      "offer2": 7.99,
      "offer3": 6.99
    }
  },
  {
    "name": "Mongolia",
    "id": 87,
    "info": {
      "name": "Mongolia",
      "offer1": 21.99,
      "offer2": 15.99,
      "offer3": 9.99
    }
  },
  {
    "name": "Taiwan",
    "id": 88,
    "info": {
      "name": "Taiwan",
      "offer1": 13.99,
      "offer2": 10.99,
      "offer3": 7.99
    }
  },
  {
    "name": "Bangladesh",
    "id": 89,
    "info": {
      "name": "Bangladesh",
      "offer1": 14.99,
      "offer2": 11.99,
      "offer3": 7.99
    }
  },
  {
    "name": "Bhutan",
    "id": 90,
    "info": {
      "name": "Bhutan",
      "offer1": 14.99,
      "offer2": 11.99,
      "offer3": 7.99
    }
  },
  {
    "name": "India",
    "id": 91,
    "info": {
      "name": "India",
      "offer1": 14.99,
      "offer2": 10.99,
      "offer3": 7.99
    }
  },
  {
    "name": "Maldives",
    "id": 92,
    "info": {
      "name": "Maldives",
      "offer1": 14.99,
      "offer2": 11.99,
      "offer3": 7.99
    }
  },
  {
    "name": "Nepal",
    "id": 93,
    "info": {
      "name": "Nepal",
      "offer1": 21.99,
      "offer2": 15.99,
      "offer3": 9.99
    }
  },
  {
    "name": "Pakistan",
    "id": 94,
    "info": {
      "name": "Pakistan",
      "offer1": 16.99,
      "offer2": 12.99,
      "offer3": 8.99
    }
  },
  {
    "name": "Sri Lanka",
    "id": 95,
    "info": {
      "name": "Sri Lanka",
      "offer1": 16.99,
      "offer2": 12.99,
      "offer3": 8.99
    }
  },
  {
    "name": "Egypt",
    "id": 96,
    "info": {
      "name": "Egypt",
      "offer1": 16.99,
      "offer2": 12.99,
      "offer3": 8.99
    }
  },
  {
    "name": "South Africa",
    "id": 97,
    "info": {
      "name": "South Africa",
      "offer1": 13.99,
      "offer2": 10.99,
      "offer3": 8.99
    }
  },
  {
    "name": "Tanzania",
    "id": 98,
    "info": {
      "name": "Tanzania",
      "offer1": 14.99,
      "offer2": 11.99,
      "offer3": 8.99
    }
  },
  {
    "name": "Kenya",
    "id": 99,
    "info": {
      "name": "Kenya",
      "offer1": 16.99,
      "offer2": 12.99,
      "offer3": 8.99
    }
  },
  {
    "name": "Algeria",
    "id": 100,
    "info": {
      "name": "Algeria",
      "offer1": 14.99,
      "offer2": 11.99,
      "offer3": 8.99
    }
  },
  {
    "name": "Uganda",
    "id": 101,
    "info": {
      "name": "Uganda",
      "offer1": 14.99,
      "offer2": 11.99,
      "offer3": 8.99
    }
  },
  {
    "name": "Morocco",
    "id": 102,
    "info": {
      "name": "Morocco",
      "offer1": 16.99,
      "offer2": 12.99,
      "offer3": 8.99
    }
  },
  {
    "name": "Angola",
    "id": 103,
    "info": {
      "name": "Angola",
      "offer1": 14.99,
      "offer2": 11.99,
      "offer3": 8.99
    }
  },
  {
    "name": "Cameroon",
    "id": 104,
    "info": {
      "name": "Cameroon",
      "offer1": 14.99,
      "offer2": 11.99,
      "offer3": 8.99
    }
  },
  {
    "name": "Zambia",
    "id": 105,
    "info": {
      "name": "Zambia",
      "offer1": 14.99,
      "offer2": 11.99,
      "offer3": 8.99
    }
  },
  {
    "name": "Australia",
    "id": 106,
    "info": {
      "name": "Australia",
      "offer1": 9.99,
      "offer2": 8.99,
      "offer3": 7.99
    }
  },
  {
    "name": "New Zealand",
    "id": 107,
    "info": {
      "name": "New Zealand",
      "offer1": 12.99,
      "offer2": 10.99,
      "offer3": 8.99
    }
  },
  {
    "name": "Afghanistan",
    "id": 108,
    "info": {
      "name": "Afghanistan",
      "offer1": 0,
      "offer2": 0,
      "offer3": 0
    }
  },
  {
    "name": "Albania",
    "id": 109,
    "info": {
      "name": "Albania",
      "offer1": 0,
      "offer2": 0,
      "offer3": 0
    }
  },
  {
    "name": "American Samoa",
    "id": 110,
    "info": {
      "name": "American Samoa",
      "offer1": 0,
      "offer2": 0,
      "offer3": 0
    }
  },
  {
    "name": "Anguilla",
    "id": 111,
    "info": {
      "name": "Anguilla",
      "offer1": 0,
      "offer2": 0,
      "offer3": 0
    }
  },
  {
    "name": "Antarctica",
    "id": 112,
    "info": {
      "name": "Antarctica",
      "offer1": 0,
      "offer2": 0,
      "offer3": 0
    }
  },
  {
    "name": "Antigua And Barbuda",
    "id": 113,
    "info": {
      "name": "Antigua And Barbuda",
      "offer1": 0,
      "offer2": 0,
      "offer3": 0
    }
  },
  {
    "name": "Aruba",
    "id": 114,
    "info": {
      "name": "Aruba",
      "offer1": 0,
      "offer2": 0,
      "offer3": 0
    }
  },
  {
    "name": "Bahamas The",
    "id": 115,
    "info": {
      "name": "Bahamas The",
      "offer1": 0,
      "offer2": 0,
      "offer3": 0
    }
  },
  {
    "name": "Barbados",
    "id": 116,
    "info": {
      "name": "Barbados",
      "offer1": 0,
      "offer2": 0,
      "offer3": 0
    }
  },
  {
    "name": "Belize",
    "id": 117,
    "info": {
      "name": "Belize",
      "offer1": 0,
      "offer2": 0,
      "offer3": 0
    }
  },
  {
    "name": "Benin",
    "id": 118,
    "info": {
      "name": "Benin",
      "offer1": 0,
      "offer2": 0,
      "offer3": 0
    }
  },
  {
    "name": "Bermuda",
    "id": 119,
    "info": {
      "name": "Bermuda",
      "offer1": 0,
      "offer2": 0,
      "offer3": 0
    }
  },
  {
    "name": "Bosnia and Herzegovina",
    "id": 120,
    "info": {
      "name": "Bosnia and Herzegovina",
      "offer1": 0,
      "offer2": 0,
      "offer3": 0
    }
  },
  {
    "name": "Botswana",
    "id": 121,
    "info": {
      "name": "Botswana",
      "offer1": 0,
      "offer2": 0,
      "offer3": 0
    }
  },
  {
    "name": "Bouvet Island",
    "id": 122,
    "info": {
      "name": "Bouvet Island",
      "offer1": 0,
      "offer2": 0,
      "offer3": 0
    }
  },
  {
    "name": "British Indian Ocean Territory",
    "id": 123,
    "info": {
      "name": "British Indian Ocean Territory",
      "offer1": 0,
      "offer2": 0,
      "offer3": 0
    }
  },
  {
    "name": "Burkina Faso",
    "id": 124,
    "info": {
      "name": "Burkina Faso",
      "offer1": 0,
      "offer2": 0,
      "offer3": 0
    }
  },
  {
    "name": "Burundi",
    "id": 125,
    "info": {
      "name": "Burundi",
      "offer1": 0,
      "offer2": 0,
      "offer3": 0
    }
  },
  {
    "name": "Canada",
    "id": 126,
    "info": {
      "name": "Canada",
      "offer1": 0,
      "offer2": 0,
      "offer3": 0
    }
  },
  {
    "name": "Cape Verde",
    "id": 127,
    "info": {
      "name": "Cape Verde",
      "offer1": 0,
      "offer2": 0,
      "offer3": 0
    }
  },
  {
    "name": "Cayman Islands",
    "id": 128,
    "info": {
      "name": "Cayman Islands",
      "offer1": 0,
      "offer2": 0,
      "offer3": 0
    }
  },
  {
    "name": "Central African Republic",
    "id": 129,
    "info": {
      "name": "Central African Republic",
      "offer1": 0,
      "offer2": 0,
      "offer3": 0
    }
  },
  {
    "name": "Chad",
    "id": 130,
    "info": {
      "name": "Chad",
      "offer1": 0,
      "offer2": 0,
      "offer3": 0
    }
  },
  {
    "name": "Christmas Island",
    "id": 131,
    "info": {
      "name": "Christmas Island",
      "offer1": 0,
      "offer2": 0,
      "offer3": 0
    }
  },
  {
    "name": "Cocos (Keeling) Islands",
    "id": 132,
    "info": {
      "name": "Cocos (Keeling) Islands",
      "offer1": 0,
      "offer2": 0,
      "offer3": 0
    }
  },
  {
    "name": "Comoros",
    "id": 133,
    "info": {
      "name": "Comoros",
      "offer1": 0,
      "offer2": 0,
      "offer3": 0
    }
  },
  {
    "name": "Cook Islands",
    "id": 134,
    "info": {
      "name": "Cook Islands",
      "offer1": 0,
      "offer2": 0,
      "offer3": 0
    }
  },
  {
    "name": "Cote D'Ivoire (Ivory Coast)",
    "id": 135,
    "info": {
      "name": "Cote D'Ivoire (Ivory Coast)",
      "offer1": 0,
      "offer2": 0,
      "offer3": 0
    }
  },
  {
    "name": "Cuba",
    "id": 136,
    "info": {
      "name": "Cuba",
      "offer1": 0,
      "offer2": 0,
      "offer3": 0
    }
  },
  {
    "name": "Democratic Republic Of The Congo",
    "id": 137,
    "info": {
      "name": "Democratic Republic Of The Congo",
      "offer1": 0,
      "offer2": 0,
      "offer3": 0
    }
  },
  {
    "name": "Djibouti",
    "id": 138,
    "info": {
      "name": "Djibouti",
      "offer1": 0,
      "offer2": 0,
      "offer3": 0
    }
  },
  {
    "name": "Dominica",
    "id": 139,
    "info": {
      "name": "Dominica",
      "offer1": 0,
      "offer2": 0,
      "offer3": 0
    }
  },
  {
    "name": "Equatorial Guinea",
    "id": 140,
    "info": {
      "name": "Equatorial Guinea",
      "offer1": 0,
      "offer2": 0,
      "offer3": 0
    }
  },
  {
    "name": "Eritrea",
    "id": 141,
    "info": {
      "name": "Eritrea",
      "offer1": 0,
      "offer2": 0,
      "offer3": 0
    }
  },
  {
    "name": "Ethiopia",
    "id": 142,
    "info": {
      "name": "Ethiopia",
      "offer1": 0,
      "offer2": 0,
      "offer3": 0
    }
  },
  {
    "name": "Falkland Islands",
    "id": 143,
    "info": {
      "name": "Falkland Islands",
      "offer1": 0,
      "offer2": 0,
      "offer3": 0
    }
  },
  {
    "name": "Faroe Islands",
    "id": 144,
    "info": {
      "name": "Faroe Islands",
      "offer1": 0,
      "offer2": 0,
      "offer3": 0
    }
  },
  {
    "name": "Fiji Islands",
    "id": 145,
    "info": {
      "name": "Fiji Islands",
      "offer1": 0,
      "offer2": 0,
      "offer3": 0
    }
  },
  {
    "name": "French Guiana",
    "id": 146,
    "info": {
      "name": "French Guiana",
      "offer1": 0,
      "offer2": 0,
      "offer3": 0
    }
  },
  {
    "name": "French Polynesia",
    "id": 147,
    "info": {
      "name": "French Polynesia",
      "offer1": 0,
      "offer2": 0,
      "offer3": 0
    }
  },
  {
    "name": "French Southern Territories",
    "id": 148,
    "info": {
      "name": "French Southern Territories",
      "offer1": 0,
      "offer2": 0,
      "offer3": 0
    }
  },
  {
    "name": "Gabon",
    "id": 149,
    "info": {
      "name": "Gabon",
      "offer1": 0,
      "offer2": 0,
      "offer3": 0
    }
  },
  {
    "name": "Gambia",
    "id": 150,
    "info": {
      "name": "Gambia",
      "offer1": 0,
      "offer2": 0,
      "offer3": 0
    }
  },
  {
    "name": "Ghana",
    "id": 151,
    "info": {
      "name": "Ghana",
      "offer1": 0,
      "offer2": 0,
      "offer3": 0
    }
  },
  {
    "name": "Gibraltar",
    "id": 152,
    "info": {
      "name": "Gibraltar",
      "offer1": 0,
      "offer2": 0,
      "offer3": 0
    }
  },
  {
    "name": "Greenland",
    "id": 153,
    "info": {
      "name": "Greenland",
      "offer1": 0,
      "offer2": 0,
      "offer3": 0
    }
  },
  {
    "name": "Grenada",
    "id": 154,
    "info": {
      "name": "Grenada",
      "offer1": 0,
      "offer2": 0,
      "offer3": 0
    }
  },
  {
    "name": "Guadeloupe",
    "id": 155,
    "info": {
      "name": "Guadeloupe",
      "offer1": 0,
      "offer2": 0,
      "offer3": 0
    }
  },
  {
    "name": "Guam",
    "id": 156,
    "info": {
      "name": "Guam",
      "offer1": 0,
      "offer2": 0,
      "offer3": 0
    }
  },
  {
    "name": "Guernsey and Alderney",
    "id": 157,
    "info": {
      "name": "Guernsey and Alderney",
      "offer1": 0,
      "offer2": 0,
      "offer3": 0
    }
  },
  {
    "name": "Guinea",
    "id": 158,
    "info": {
      "name": "Guinea",
      "offer1": 0,
      "offer2": 0,
      "offer3": 0
    }
  },
  {
    "name": "Guinea-Bissau",
    "id": 159,
    "info": {
      "name": "Guinea-Bissau",
      "offer1": 0,
      "offer2": 0,
      "offer3": 0
    }
  },
  {
    "name": "Guyana",
    "id": 160,
    "info": {
      "name": "Guyana",
      "offer1": 0,
      "offer2": 0,
      "offer3": 0
    }
  },
  {
    "name": "Haiti",
    "id": 161,
    "info": {
      "name": "Haiti",
      "offer1": 0,
      "offer2": 0,
      "offer3": 0
    }
  },
  {
    "name": "Heard and McDonald Islands",
    "id": 162,
    "info": {
      "name": "Heard and McDonald Islands",
      "offer1": 0,
      "offer2": 0,
      "offer3": 0
    }
  },
  {
    "name": "Iran",
    "id": 163,
    "info": {
      "name": "Iran",
      "offer1": 0,
      "offer2": 0,
      "offer3": 0
    }
  },
  {
    "name": "Iraq",
    "id": 164,
    "info": {
      "name": "Iraq",
      "offer1": 0,
      "offer2": 0,
      "offer3": 0
    }
  },
  {
    "name": "Jamaica",
    "id": 165,
    "info": {
      "name": "Jamaica",
      "offer1": 0,
      "offer2": 0,
      "offer3": 0
    }
  },
  {
    "name": "Jersey",
    "id": 166,
    "info": {
      "name": "Jersey",
      "offer1": 0,
      "offer2": 0,
      "offer3": 0
    }
  },
  {
    "name": "Kiribati",
    "id": 167,
    "info": {
      "name": "Kiribati",
      "offer1": 0,
      "offer2": 0,
      "offer3": 0
    }
  },
  {
    "name": "Korea (North)",
    "id": 168,
    "info": {
      "name": "Korea (North)",
      "offer1": 0,
      "offer2": 0,
      "offer3": 0
    }
  },
  {
    "name": "Kyrgyzstan",
    "id": 169,
    "info": {
      "name": "Kyrgyzstan",
      "offer1": 0,
      "offer2": 0,
      "offer3": 0
    }
  },
  {
    "name": "Lebanon",
    "id": 170,
    "info": {
      "name": "Lebanon",
      "offer1": 0,
      "offer2": 0,
      "offer3": 0
    }
  },
  {
    "name": "Lesotho",
    "id": 171,
    "info": {
      "name": "Lesotho",
      "offer1": 0,
      "offer2": 0,
      "offer3": 0
    }
  },
  {
    "name": "Liberia",
    "id": 172,
    "info": {
      "name": "Liberia",
      "offer1": 0,
      "offer2": 0,
      "offer3": 0
    }
  },
  {
    "name": "Libya",
    "id": 173,
    "info": {
      "name": "Libya",
      "offer1": 0,
      "offer2": 0,
      "offer3": 0
    }
  },
  {
    "name": "Macedonia",
    "id": 174,
    "info": {
      "name": "Macedonia",
      "offer1": 0,
      "offer2": 0,
      "offer3": 0
    }
  },
  {
    "name": "Madagascar",
    "id": 175,
    "info": {
      "name": "Madagascar",
      "offer1": 0,
      "offer2": 0,
      "offer3": 0
    }
  },
  {
    "name": "Malawi",
    "id": 176,
    "info": {
      "name": "Malawi",
      "offer1": 0,
      "offer2": 0,
      "offer3": 0
    }
  },
  {
    "name": "Mali",
    "id": 177,
    "info": {
      "name": "Mali",
      "offer1": 0,
      "offer2": 0,
      "offer3": 0
    }
  },
  {
    "name": "Man (Isle of)",
    "id": 178,
    "info": {
      "name": "Man (Isle of)",
      "offer1": 0,
      "offer2": 0,
      "offer3": 0
    }
  },
  {
    "name": "Marshall Islands",
    "id": 179,
    "info": {
      "name": "Marshall Islands",
      "offer1": 0,
      "offer2": 0,
      "offer3": 0
    }
  },
  {
    "name": "Martinique",
    "id": 180,
    "info": {
      "name": "Martinique",
      "offer1": 0,
      "offer2": 0,
      "offer3": 0
    }
  },
  {
    "name": "Mauritania",
    "id": 181,
    "info": {
      "name": "Mauritania",
      "offer1": 0,
      "offer2": 0,
      "offer3": 0
    }
  },
  {
    "name": "Mauritius",
    "id": 182,
    "info": {
      "name": "Mauritius",
      "offer1": 0,
      "offer2": 0,
      "offer3": 0
    }
  },
  {
    "name": "Mayotte",
    "id": 183,
    "info": {
      "name": "Mayotte",
      "offer1": 0,
      "offer2": 0,
      "offer3": 0
    }
  },
  {
    "name": "Micronesia",
    "id": 184,
    "info": {
      "name": "Micronesia",
      "offer1": 0,
      "offer2": 0,
      "offer3": 0
    }
  },
  {
    "name": "Monaco",
    "id": 185,
    "info": {
      "name": "Monaco",
      "offer1": 0,
      "offer2": 0,
      "offer3": 0
    }
  },
  {
    "name": "Montserrat",
    "id": 186,
    "info": {
      "name": "Montserrat",
      "offer1": 0,
      "offer2": 0,
      "offer3": 0
    }
  },
  {
    "name": "Mozambique",
    "id": 187,
    "info": {
      "name": "Mozambique",
      "offer1": 0,
      "offer2": 0,
      "offer3": 0
    }
  },
  {
    "name": "Namibia",
    "id": 188,
    "info": {
      "name": "Namibia",
      "offer1": 0,
      "offer2": 0,
      "offer3": 0
    }
  },
  {
    "name": "Nauru",
    "id": 189,
    "info": {
      "name": "Nauru",
      "offer1": 0,
      "offer2": 0,
      "offer3": 0
    }
  },
  {
    "name": "Netherlands Antilles",
    "id": 190,
    "info": {
      "name": "Netherlands Antilles",
      "offer1": 0,
      "offer2": 0,
      "offer3": 0
    }
  },
  {
    "name": "New Caledonia",
    "id": 191,
    "info": {
      "name": "New Caledonia",
      "offer1": 0,
      "offer2": 0,
      "offer3": 0
    }
  },
  {
    "name": "Niger",
    "id": 192,
    "info": {
      "name": "Niger",
      "offer1": 0,
      "offer2": 0,
      "offer3": 0
    }
  },
  {
    "name": "Nigeria",
    "id": 193,
    "info": {
      "name": "Nigeria",
      "offer1": 0,
      "offer2": 0,
      "offer3": 0
    }
  },
  {
    "name": "Niue",
    "id": 194,
    "info": {
      "name": "Niue",
      "offer1": 0,
      "offer2": 0,
      "offer3": 0
    }
  },
  {
    "name": "Norfolk Island",
    "id": 195,
    "info": {
      "name": "Norfolk Island",
      "offer1": 0,
      "offer2": 0,
      "offer3": 0
    }
  },
  {
    "name": "Northern Mariana Islands",
    "id": 196,
    "info": {
      "name": "Northern Mariana Islands",
      "offer1": 0,
      "offer2": 0,
      "offer3": 0
    }
  },
  {
    "name": "Palau",
    "id": 197,
    "info": {
      "name": "Palau",
      "offer1": 0,
      "offer2": 0,
      "offer3": 0
    }
  },
  {
    "name": "Palestinian Territory Occupied",
    "id": 198,
    "info": {
      "name": "Palestinian Territory Occupied",
      "offer1": 0,
      "offer2": 0,
      "offer3": 0
    }
  },
  {
    "name": "Papua new Guinea",
    "id": 199,
    "info": {
      "name": "Papua new Guinea",
      "offer1": 0,
      "offer2": 0,
      "offer3": 0
    }
  },
  {
    "name": "Pitcairn Island",
    "id": 200,
    "info": {
      "name": "Pitcairn Island",
      "offer1": 0,
      "offer2": 0,
      "offer3": 0
    }
  },
  {
    "name": "Puerto Rico",
    "id": 201,
    "info": {
      "name": "Puerto Rico",
      "offer1": 0,
      "offer2": 0,
      "offer3": 0
    }
  },
  {
    "name": "Republic Of The Congo",
    "id": 202,
    "info": {
      "name": "Republic Of The Congo",
      "offer1": 0,
      "offer2": 0,
      "offer3": 0
    }
  },
  {
    "name": "Reunion",
    "id": 203,
    "info": {
      "name": "Reunion",
      "offer1": 0,
      "offer2": 0,
      "offer3": 0
    }
  },
  {
    "name": "Rwanda",
    "id": 204,
    "info": {
      "name": "Rwanda",
      "offer1": 0,
      "offer2": 0,
      "offer3": 0
    }
  },
  {
    "name": "Saint Helena",
    "id": 205,
    "info": {
      "name": "Saint Helena",
      "offer1": 0,
      "offer2": 0,
      "offer3": 0
    }
  },
  {
    "name": "Saint Kitts And Nevis",
    "id": 206,
    "info": {
      "name": "Saint Kitts And Nevis",
      "offer1": 0,
      "offer2": 0,
      "offer3": 0
    }
  },
  {
    "name": "Saint Lucia",
    "id": 207,
    "info": {
      "name": "Saint Lucia",
      "offer1": 0,
      "offer2": 0,
      "offer3": 0
    }
  },
  {
    "name": "Saint Pierre and Miquelon",
    "id": 208,
    "info": {
      "name": "Saint Pierre and Miquelon",
      "offer1": 0,
      "offer2": 0,
      "offer3": 0
    }
  },
  {
    "name": "Saint Vincent And The Grenadines",
    "id": 209,
    "info": {
      "name": "Saint Vincent And The Grenadines",
      "offer1": 0,
      "offer2": 0,
      "offer3": 0
    }
  },
  {
    "name": "Samoa",
    "id": 210,
    "info": {
      "name": "Samoa",
      "offer1": 0,
      "offer2": 0,
      "offer3": 0
    }
  },
  {
    "name": "San Marino",
    "id": 211,
    "info": {
      "name": "San Marino",
      "offer1": 0,
      "offer2": 0,
      "offer3": 0
    }
  },
  {
    "name": "Sao Tome and Principe",
    "id": 212,
    "info": {
      "name": "Sao Tome and Principe",
      "offer1": 0,
      "offer2": 0,
      "offer3": 0
    }
  },
  {
    "name": "Senegal",
    "id": 213,
    "info": {
      "name": "Senegal",
      "offer1": 0,
      "offer2": 0,
      "offer3": 0
    }
  },
  {
    "name": "Serbia",
    "id": 214,
    "info": {
      "name": "Serbia",
      "offer1": 0,
      "offer2": 0,
      "offer3": 0
    }
  },
  {
    "name": "Seychelles",
    "id": 215,
    "info": {
      "name": "Seychelles",
      "offer1": 0,
      "offer2": 0,
      "offer3": 0
    }
  },
  {
    "name": "Sierra Leone",
    "id": 216,
    "info": {
      "name": "Sierra Leone",
      "offer1": 0,
      "offer2": 0,
      "offer3": 0
    }
  },
  {
    "name": "Smaller Territories of the UK",
    "id": 217,
    "info": {
      "name": "Smaller Territories of the UK",
      "offer1": 0,
      "offer2": 0,
      "offer3": 0
    }
  },
  {
    "name": "Solomon Islands",
    "id": 218,
    "info": {
      "name": "Solomon Islands",
      "offer1": 0,
      "offer2": 0,
      "offer3": 0
    }
  },
  {
    "name": "Somalia",
    "id": 219,
    "info": {
      "name": "Somalia",
      "offer1": 0,
      "offer2": 0,
      "offer3": 0
    }
  },
  {
    "name": "South Georgia",
    "id": 220,
    "info": {
      "name": "South Georgia",
      "offer1": 0,
      "offer2": 0,
      "offer3": 0
    }
  },
  {
    "name": "South Sudan",
    "id": 221,
    "info": {
      "name": "South Sudan",
      "offer1": 0,
      "offer2": 0,
      "offer3": 0
    }
  },
  {
    "name": "Sudan",
    "id": 222,
    "info": {
      "name": "Sudan",
      "offer1": 0,
      "offer2": 0,
      "offer3": 0
    }
  },
  {
    "name": "Suriname",
    "id": 223,
    "info": {
      "name": "Suriname",
      "offer1": 0,
      "offer2": 0,
      "offer3": 0
    }
  },
  {
    "name": "Svalbard And Jan Mayen Islands",
    "id": 224,
    "info": {
      "name": "Svalbard And Jan Mayen Islands",
      "offer1": 0,
      "offer2": 0,
      "offer3": 0
    }
  },
  {
    "name": "Swaziland",
    "id": 225,
    "info": {
      "name": "Swaziland",
      "offer1": 0,
      "offer2": 0,
      "offer3": 0
    }
  },
  {
    "name": "Syria",
    "id": 226,
    "info": {
      "name": "Syria",
      "offer1": 0,
      "offer2": 0,
      "offer3": 0
    }
  },
  {
    "name": "Tajikistan",
    "id": 227,
    "info": {
      "name": "Tajikistan",
      "offer1": 0,
      "offer2": 0,
      "offer3": 0
    }
  },
  {
    "name": "Togo",
    "id": 228,
    "info": {
      "name": "Togo",
      "offer1": 0,
      "offer2": 0,
      "offer3": 0
    }
  },
  {
    "name": "Tokelau",
    "id": 229,
    "info": {
      "name": "Tokelau",
      "offer1": 0,
      "offer2": 0,
      "offer3": 0
    }
  },
  {
    "name": "Tonga",
    "id": 230,
    "info": {
      "name": "Tonga",
      "offer1": 0,
      "offer2": 0,
      "offer3": 0
    }
  },
  {
    "name": "Trinidad And Tobago",
    "id": 231,
    "info": {
      "name": "Trinidad And Tobago",
      "offer1": 0,
      "offer2": 0,
      "offer3": 0
    }
  },
  {
    "name": "Tunisia",
    "id": 232,
    "info": {
      "name": "Tunisia",
      "offer1": 0,
      "offer2": 0,
      "offer3": 0
    }
  },
  {
    "name": "Turkmenistan",
    "id": 233,
    "info": {
      "name": "Turkmenistan",
      "offer1": 0,
      "offer2": 0,
      "offer3": 0
    }
  },
  {
    "name": "Turks And Caicos Islands",
    "id": 234,
    "info": {
      "name": "Turks And Caicos Islands",
      "offer1": 0,
      "offer2": 0,
      "offer3": 0
    }
  },
  {
    "name": "Tuvalu",
    "id": 235,
    "info": {
      "name": "Tuvalu",
      "offer1": 0,
      "offer2": 0,
      "offer3": 0
    }
  },
  {
    "name": "United States",
    "id": 236,
    "info": {
      "name": "United States",
      "offer1": 0,
      "offer2": 0,
      "offer3": 0
    }
  },
  {
    "name": "United States Minor Outlying Islands",
    "id": 237,
    "info": {
      "name": "United States Minor Outlying Islands",
      "offer1": 0,
      "offer2": 0,
      "offer3": 0
    }
  },
  {
    "name": "Vanuatu",
    "id": 238,
    "info": {
      "name": "Vanuatu",
      "offer1": 0,
      "offer2": 0,
      "offer3": 0
    }
  },
  {
    "name": "Venezuela",
    "id": 239,
    "info": {
      "name": "Venezuela",
      "offer1": 0,
      "offer2": 0,
      "offer3": 0
    }
  },
  {
    "name": "Virgin Islands (British)",
    "id": 240,
    "info": {
      "name": "Virgin Islands (British)",
      "offer1": 0,
      "offer2": 0,
      "offer3": 0
    }
  },
  {
    "name": "Virgin Islands (US)",
    "id": 241,
    "info": {
      "name": "Virgin Islands (US)",
      "offer1": 0,
      "offer2": 0,
      "offer3": 0
    }
  },
  {
    "name": "Wallis And Futuna Islands",
    "id": 242,
    "info": {
      "name": "Wallis And Futuna Islands",
      "offer1": 0,
      "offer2": 0,
      "offer3": 0
    }
  },
  {
    "name": "Western Sahara",
    "id": 243,
    "info": {
      "name": "Western Sahara",
      "offer1": 0,
      "offer2": 0,
      "offer3": 0
    }
  },
  {
    "name": "Yugoslavia",
    "id": 244,
    "info": {
      "name": "Yugoslavia",
      "offer1": 0,
      "offer2": 0,
      "offer3": 0
    }
  },
  {
    "name": "Zimbabwe",
    "id": 245,
    "info": {
      "name": "Zimbabwe",
      "offer1": 0,
      "offer2": 0,
      "offer3": 0
    }
  }
]